Contact,Number,
Email,23506,0.306075679
Phone,45122,0.587541342
Both,8170,0.106382979
,76798,